Bug - ID Global,Equipo Reporta,Bug - ID Equipo,Titulo Story,Sprint detectado,Severidad,Prioridad,Titulo Bug,Descripción Bug,STR,Tipo de bug,Navegador utilizado,Evidencia adicional,Estado,Fecha de Descubrimiento,Fecha de corrección,Versión de Release,
BUG-001,QA-6,BUG-001,US-01: Login del Docente con credenciales propias,2,Crítico,P2,login - mensaje de error revela la inexistencia de usuario,"Al ingresar un mail no registrado en la plataforma, el sistema muestra un mensaje que expone que el usuario no existe. Esto viola el criterio de aceptación especificado en el documento ""Historia de usuario Examia"" donde la US-01 indica que ""El sistema no debe revelar cuál de los campos ingresados es incorrecto"".","1. Ir a la pantalla de Login 
2. Ingresar un mail no registrado (hola@uade.edu.ar)
3. Ingresar cualquier contraseña (asd)
4. Presionar 'Ingresar'",Seguridad,firefox 151.0.1 (64-bit),<link a imagen>,Fixed,25/05/2026,04/06/2026,Version 1.3.0,
BUG-002,QA-2,BUG-001,US-03: Login del Alumno con credenciales propias,2,Alto,P1,Login carece de rate limiting / protección contra fuerza bruta,"El endpoint POST /api/auth/login acepta intentos ilimitados de login con passwords incorrectos contra el mismo usuario, sin bloquear la cuenta ni responder HTTP 429. Esto habilita ataques de fuerza bruta sobre cualquier usuario conocido. Tampoco hay limitación a nivel IP.","1. Tomar un email válido del sistema (ej: alumno@uade.edu.ar).
2. Ejecutar 20 requests POST a /api/auth/login con ese email y password incorrecto, sin esperar entre requests.
3. Observar el status code de cada response.",Seguridad,N/A — test ejecutado vía pytest + requests contra API,evidencia/BUG-001_rate_limiting.txt,Fixed,25/05/2026,04/06/2026,Version 1.3.0,
BUG-003,QA-2,BUG-003,Login de Usuario - Cierre de Sesión,2,Alto,P1,Logout no invalida el JWT en el servidor,"El logout implementado en el frontend solo limpia localStorage (authToken y user). El backend no expone un endpoint /api/auth/logout ni mantiene una blacklist de tokens. Como consecuencia, un JWT emitido sigue siendo válido hasta su expiración natural (24h por defecto) aunque el usuario haya hecho 'cerrar sesión'. Si el token fue interceptado o copiado, el atacante puede seguir usándolo después del logout.","1. Loguearse normalmente y copiar el authToken de localStorage.
2. Verificar que el token funciona contra un endpoint protegido (GET /api/exams).
3. Hacer click en 'Cerrar sesión' en la UI (o intentar POST /api/auth/logout con el token, no existe el endpoint).
4. Reusar el MISMO token contra GET /api/exams.
5. Observar que el token sigue dando acceso (200) en lugar de ser rechazado (401).",Seguridad,N/A — test ejecutado vía pytest + requests contra API,evidencia/BUG-003_logout_server_side.txt,Fixed,25/05/2026,04/06/2026,Version 1.3.0,
BUG-004,QA-7,BUG-002,US-03: Login del Alumno con credenciales propias,2,Crítico,P1,Block - acceso UADE válido denegado,"Se siguieron los pasos descritos en la user story de la funcionalidad y aún colocando los datos correctos del excel de acceso, el mismo fue denegado mostrando un mensaje de error de inicio de sesión con UADE.","01: Ingresar al link de acceso para la plataforma en el navegador.
 02: Hacer click en “Ingresar con usuario UADE”.
 03: Colocar las credenciales y número de legajo el usuario con rol docente que se encuentra en la lista de usuarios existentes en la lista enviada por el equipo.
 04: Accionar el botón “ingresar”.",Funcional,No informado,Link a las imágenes,Fixed,25/05/2026,04/06/2026,Version 1.3.0,
BUG-005,QA-7,BUG-003,US-04: Login del Alumno con usuario UADE,2,Crítico,P1,Block - credenciales correctas con legajo incorrecto muestran error no específico,"Se siguieron los pasos descritos en la user story de la funcionalidad, se colocaron credenciales incorrectas según el excel de acceso, el mismo fue denegado mostrando un mensaje de error sobre el inicio de sesión, no sobre las credenciales.","01: Ingresar al link de acceso para la plataforma en el navegador.
02: Hacer click en “Ingresar con usuario UADE”.
03: Colocar las credenciales de usuario y contraseña de forma correcta y colocar mal el número de legajo del usuario con rol docente.
04: Accionar el botón “ingresar”.",Funcional,No informado,Link a las imágenes,Fixed,25/05/2026,04/06/2026,Version 1.3.0,
BUG-006,QA-7,BUG-005,US-06: Recuperación de contraseña — Envío del código,2,Crítico,P1,Block - recuperación de contraseña abre pantalla vacía,"No se pudo recuperar la contraseña con el botón '¿Olvidaste tu contraseña?', se genera una pantalla sin nada.","01: En el login, hacer click sobre “¿Olvidaste tu contraseña?”.
",Funcional,No informado,Link a las imágenes,Fixed,25/05/2026,04/06/2026,Version 1.3.0,
BUG-007,QA-7,BUG-010,US-09: Registro de nuevo usuario,2,Medio,P3,Improvement - términos y condiciones sin link de lectura,"En la sección para aceptar términos y condiciones, no incluye ningún link que redireccione a leer los mismos, por lo tanto el usuario no sabe qué está aceptando.",01: Hacer click sobre ‘crear cuenta’ dentro del login para la creación de cuentas.,UI/UX,No informado,Link a las imágenes,Fixed,25/05/2026,04/06/2026,Version 1.3.0,
BUG-008,QA-7,BUG-011,US-09: Registro de nuevo usuario,2,Alto,P1,Improvement - selección de rol sin requisitos visibles,"En la sección para seleccionar si el rol de la cuenta a crear es docente o alumno, no hay diferenciaciones visibles sobre requisitos para hacerlo; a primera vista es posible intentar crear una cuenta docente siendo alumno.",01: Hacer click sobre ‘docente’ dentro del login para la creación de usuarios cuando se selecciona un ROL.,UI/UX,No informado,Link a las imágenes,Fixed,25/05/2026,04/06/2026,Version 1.3.0,
BUG-009,QA-7,BUG-012,US-09: Registro de nuevo usuario,2,Crítico,P1,Block - no permite creación de cuenta docente o alumno,"El sistema no ha permitido la creación de una nueva cuenta, como rol DOCENTE o ALUMNO.","01: Hacer click sobre ‘crear cuenta’ dentro del login para la creación de cuentas.
02: Llenar los campos solicitados según las especificaciones.
03: Crear el usuario haciendo click en 'crear cuenta'.",Funcional,No informado,Link a las imágenes,Fixed,25/05/2026,04/06/2026,Version 1.3.0,
BUG-010,QA-7,BUG-013,US-11: Visualización del Dashboard de Mis Cursos,2,Alto,P2,Improvement - columna Estado de examen muestra guión,"El sistema no muestra en detalle el estado del examen (borrador, publicado, activo), sino que muestra un guión.","01: Hacer login con una cuenta de docente válida.
02: Ingresar al menú de exámenes.
03: Observar la columna de Estado.",Datos,No informado,Link a las imágenes,Fixed,25/05/2026,04/06/2026,Version 1.3.0,
BUG-011,QA-7,BUG-014,US-11: Visualización del Dashboard de Mis Cursos,2,Crítico,P1,Block - botón Corregir no permite ingresar a exámenes,El sistema no permite ingresar a los exámenes con el botón de corregir.,"01: Ingresar al menú de correcciones pendientes.
02: Clickear en el botón de Corregir.",Funcional,No informado,Link a las imágenes,Fixed,25/05/2026,04/06/2026,Version 1.3.0,
BUG-012,QA-2,BUG-004,Autorización por roles en endpoints protegidos,3,Alto,P2,Endpoints con @PreAuthorize devuelven HTTP 500 en vez de 403 cuando el rol no autoriza,"Cuando un usuario autenticado pero con rol insuficiente accede a un endpoint anotado con @PreAuthorize, Spring Security lanza AccessDeniedException, pero el GlobalExceptionHandler no la maneja específicamente. La excepción cae al handler genérico Exception.class y devuelve HTTP 500 con un mensaje vago. El comportamiento correcto es HTTP 403 Forbidden. Esto rompe el contrato de la API: el cliente cree que el server tiene un bug interno cuando en realidad lo que falta son permisos. Descubierto al ejecutar TC-F-LOG-05 contra GET /api/exams con un token de ALUMNO (endpoint que pide DOCENTE).","1. Loguearse como ALUMNO vía POST /api/auth/login (o /api/auth/register).
2. Tomar el token del response.
3. GET /api/exams con header Authorization: Bearer <token>.
4. Observar la respuesta: viene HTTP 500 cuando debería ser HTTP 403.
5. Reproducir con GET /api/exams/my-exams (mismo patrón).",Funcional,N/A — test ejecutado vía pytest + requests contra API,"evidencia/BUG-004_preauthorize_devuelve_500.txt
Reporte_Bugs_Login_Automaticos.docx",Fixed,25/05/2026,04/06/2026,v1.3,
BUG-013,QA-2,BUG-005,US-04: Login del Alumno con usuario UADE,3,Bajo,P3,AuthResponse del login UADE no devuelve el campo legajo,"El endpoint POST /api/auth/login-uade autentica correctamente pero el DTO AuthResponse no incluye el campo 'legajo'. El frontend hace persistSession asumiendo que viene en el response, pero como es undefined se omite y el legajo no queda persistido en localStorage.","1. POST /api/auth/login-uade con legajo, email y password válidos
2. Inspeccionar el JSON del response
3. Verificar que NO hay campo 'legajo'
4. Loguearse vía UI y abrir localStorage en DevTools
5. Inspeccionar la entrada 'user' → no contiene legajo",Funcional,N/A — test ejecutado vía pytest + requests contra API,https://drive.google.com/file/d/1ukkAEQPVU-6Q0cgWaTYmz_SQpKUnTsIA/view?usp=share_link,Fixed,25/05/2026,04/06/2026,Version 1.3.2,
BUG-014,QA-2,BUG-006,Validación débil de contraseña en registro,3,Medio,P2,El sistema permite crear contraseñas inseguras sin validaciones de complejidad,"El formulario de registro permite crear cuentas utilizando contraseñas extremadamente débiles como “cc”, ya que actualmente no existen validaciones de complejidad mínimas. Esto representa un riesgo de seguridad y una mala práctica de autenticación. La contraseña debería exigir al menos una combinación de mayúsculas, minúsculas, números y caracteres especiales para garantizar un nivel básico de seguridad en las credenciales de los usuarios.","1. Ingresar a la pantalla de registro.
2. Completar los datos obligatorios.
3. Ingresar una contraseña simple, por ejemplo: 'cc'.
4. Confirmar la misma contraseña.
5. Enviar el formulario.
6. Verificar que la cuenta se crea correctamente sin mostrar errores de validación.",Improvement,Frontend Web — validación realizada desde UI en Google ChromePI,Reporte BUG-006.docx,Fixed,25/05/2026,04/06/2026,v1.3,
BUG-015,QA-3,BUG-003,"US-10: Registro de nuevo usuario
",3,Alto,P2,El sistema permite continuar con correo de recuperación igual al correo principal,"Al ingresar el mismo correo electrónico en el campo de mail principal y en el de recupero, el sistema crea la cuenta correctamente sin mostrar error, incumpliendo la validación requerida.","1. Ir a la pantalla de registro
2. Ingresar mail principal (ej: dxuhuang@uade.edu.ar)
3. Ingresar mail de recupero con el mismo valor
4. Completar el resto del formulario
5. Crear cuenta → el sistema lo permite sin error",Funcional,Google Chrome,no hay evidencia ,Fixed,31/05/2026,04/06/2026,Version 1.3.4,
BUG-016,QA-4,BUG-009,US-22: Organización de preguntas por temas,3,Alto,P1,El sistema no respeta el límite de 5 temas por examen,El sistema no respeta el límite de 5 temas por examen. Se pueden crear más de 5 temas sin restricción; el botón '+ Agregar tema' permanece habilitado y no se muestra mensaje de error.,"1. Crear examen
2. Agregar 5 temas consecutivamente
3. Intentar agregar un sexto tema
4. Verificar que el sistema lo permite sin error ni deshabilitar el botón",Funcional,Google Chrome,no hay evidencia ,Fixed,25/05/2026,04/06/2026,Version 1.3.5,
BUG-017,QA-4,BUG-010,US-23: Guardar examen como borrador,3,Alto,P1,No se puede retomar borrador de examen,El borrador de examen aparece guardado en el dashboard pero no se puede volver a editar. Al hacer click en el borrador el sistema no permite continuar con la edición.,"1. Crear un examen parcialmente
2. Guardar como borrador
3. Volver al dashboard
4. Hacer click en el borrador guardado
5. Verificar que no se puede seguir editando",Funcional,Google Chrome,no hay evidencia ,Fixed,25/05/2026,04/06/2026,Version 1.3.6,
BUG-018,QA-5,BUG-004,US-25: Generación de acceso por tema — Paso 3,3,Alto,P1,Botón 'Turno' no funcional: no navega a pantalla de generación de accesos,"Al hacer click en el botón 'Turno' de cualquier examen en la lista, el sistema no realiza ninguna navegación ni abre ningún modal. Las rutas directas /turno, /respuestas y /acceso redirigen a la lista de exámenes. La pantalla 'Generar Acceso' (Paso 3 del wizard) es completamente inaccesible.","1. Iniciar sesión como Docente
2. Navegar a Exámenes desde el menú lateral
3. Hacer click en el botón 'Turno' de cualquier examen
4. Observar que no ocurre ninguna navegación
5. Intentar acceder a /docente/examenes/{id}/turno directamente por URL
6. Verificar que redirige a la lista de exámenes",Funcional,Google Chrome 148.0.7778.179,https://drive.google.com/file/d/1yO-LjIsy_OJk6nrZcTCKp_CjvDzXn-FK/view?usp=sharing,Fixed,26/05/2026,04/06/2026,Version 1.3.7,
BUG-019,QA-4,BUG-005,US-16: Configuración inicial del examen — Paso 1,3,Medio,P2,Manejo de errores no claro en campos requeridos de preguntas,"Al intentar continuar con campos de enunciado vacíos, el sistema no indica claramente cuál es el error ni cuáles son los campos obligatorios. Los campos required deberían aparecer con asterisco rojo y mensaje descriptivo.","1. Crear examen
2. Agregar una pregunta sin completar el enunciado
3. Intentar continuar o guardar
4. Observar que no se indica claramente cuál es el error ni qué campos son obligatorios",UI/UX,Google Chrome,no hay evidencia ,Fixed,25/05/2026,04/06/2026,Version 1.3.8,
BUG-020,QA-7,SYS-004,US-01: Login del Docente con credenciales propias,3,Crítico,P1,El sistema almacena el rol del usuario en localStorage y permite escalada de privilegios,El sistema almacena información crítica del usuario (rol) en localStorage. Un usuario con rol ALUMNO puede cambiar manualmente el valor a 'DOCENTE' desde DevTools y acceder a información sensible del panel docente.,"1. Hacer login con una cuenta de alumno válida
2. Abrir herramientas de desarrollador del navegador
3. Ir a pestaña Almacenamiento > LocalStorage
4. Cambiar el rol del usuario a 'DOCENTE'
5. Verificar que se obtiene acceso al panel docente",Seguridad,No informado, https://docs.google.com/document/d/1yXYBzaQojRirmWGh9SCGH8N5vE71NOw88upMSLP-XsQ/edit?usp=sharing,Fixed,26/05/2026,04/06/2026,Version 1.3.9,
BUG-021,QA-7,DOC-013,US-20: Agregar preguntas de múltiple choice al examen,3,Medio,P2,El sistema permite agregar opciones de múltiple choice sin respetar el límite de 5,"Al crear una pregunta de tipo múltiple choice, el sistema permite agregar más de 5 opciones sin restricción ni mensaje de error, incumpliendo el criterio de aceptación que establece un máximo de 5 opciones.","1. Ir a la vista de crear examen
2. Agregar pregunta de tipo múltiple choice
3. Tocar el botón 'Agregar opción' hasta superar 5 opciones
4. Verificar que el sistema lo permite sin error",Funcional,No informado,https://docs.google.com/document/d/1yXYBzaQojRirmWGh9SCGH8N5vE71NOw88upMSLP-XsQ/edit?usp=sharing,Fixed,26/05/2026,04/06/2026,Version 1.3.10,
BUG-022,QA-7,SYS-005,US-04: Login del Alumno con usuario UADE,3,Alto,P1,Degradación severa del backend de login UADE bajo carga concurrente,"Al someter el endpoint /api/auth/login-uade a 20 usuarios virtuales concurrentes durante 1 minuto, el tiempo promedio de respuesta es de 35.43 segundos. El sistema rechaza conexiones por saturación de red y arroja caídas por timeout al agotarse el tiempo de espera.","1. Configurar script K6 con 20 usuarios virtuales concurrentes y 60 segundos de duración
2. Utilizar credenciales válidas de alumnos UADE
3. Ejecutar el comando k6 run script.js
4. Analizar el reporte de métricas HTTP",Performance,No informado,https://docs.google.com/document/d/1yXYBzaQojRirmWGh9SCGH8N5vE71NOw88upMSLP-XsQ/edit?usp=sharing,Fixed,26/05/2026,04/06/2026,Version 1.3.11,
BUG-023,QA-2,BUG-007,Login de Usuario,2,Bajo,P3,Elementos visuales presentan contraste insuficiente,Lighthouse reporta que determinados elementos de la interfaz no cumplen con la relación mínima de contraste entre texto y fondo recomendada por WCAG. Esto puede afectar la legibilidad para usuarios con dificultades visuales.,"1. Abrir Login.
2. Ejecutar Lighthouse.
3. Revisar sección Accessibility.
4. Observar alerta ""Background and foreground colors do not have a sufficient contrast ratio"".",Funcional,Chrome - Edge,Evaluación de UX/UI - Lighthouse,Nuevo,2026-05-25,,v1.3,
BUG-024,QA-2,BUG-008,Login de Usuario,2,Bajo,P4,Ausencia de landmark principal en la pantalla de Login,La auditoría realizada mediante Lighthouse detectó que la página de Login no contiene un elemento semántico principal (<main>). Esto dificulta la navegación mediante lectores de pantalla y herramientas de accesibilidad.,"1. Acceder a la pantalla Login.
2. Ejecutar Lighthouse.
3. Revisar Accessibility y Best Practices.
4. Observar el mensaje ""Document does not have a main landmark"".",Funcional,Chrome - Edge,Evaluación de UX/UI - Lighthouse,Nuevo,2026-05-25,,v1.3,
BUG-025,QA-2,BUG-011,Recuperación de Contraseña,4,Alto,P2,No se recibe el código de recuperación de contraseña en el correo electrónico,"Al solicitar la recuperación de contraseña mediante la funcionalidad ""Olvidé mi contraseña"", el sistema informa que el código fue enviado correctamente; sin embargo, el usuario no recibe ningún correo electrónico con el código de verificación necesario para continuar con el proceso de restablecimiento de contraseña.","1. Acceder a la pantalla de Login.
2. Seleccionar la opción ""Olvidé mi contraseña"".
3. Ingresar un correo electrónico registrado en el sistema.
4. Presionar el botón ""Enviar código"".
5. Revisar la bandeja de entrada del correo ingresado.
6. Verificar que no se recibe el código de recuperación.",Funcional,Frontend Web — validación realizada desde UI en Google ChromePI,https://drive.google.com/file/d/1a4HJzu-Xr1ThsGFFEbvwF71FrFNVAtTr/view?usp=drive_link,Nuevo,2026-06-07,,v1.5,
BUG-026,QA-2,BUG-017,US-07: Recuperación de contraseña — Envío del código,4,Alto,P1,forgot-password permite enumeración de usuarios (responde 401 vs 200),"El endpoint POST /api/auth/forgot-password devuelve respuestas distintas según el email exista o no: si existe → HTTP 200 {""maskedEmail"":""..."",""message"":""Código enviado correctamente""}; si no existe → HTTP 401 {""message"":""Credenciales incorrectas""} (PasswordResetService.java líneas 32-35 lanza UserNotFoundException). Esto reintroduce el problema de enumeración de usuarios que se había resuelto en BUG-001 para /login. El comportamiento correcto es responder siempre 200 con el mismo mensaje genérico (ej: 'Si el email está registrado, recibirás un código') para no revelar qué cuentas existen.","1. POST https://examia-backend-1zwg.onrender.com/api/auth/forgot-password
  Body: {""email"":""noexiste-zzz@uade.edu.ar""} → 401 'Credenciales incorrectas'.
2. POST mismo endpoint con {""email"":""pabfarias@uade.edu.ar""} → 200 con maskedEmail.
3. La discrepancia en status/body permite enumerar emails registrados.",Seguridad,N/A — test ejecutado vía curl + análisis estático de código,evidencia_v3/BUG-027.txt (pendiente de captura),Nuevo,2026-06-07,,v1.5,
BUG-027,QA-2,BUG-018,US-08: Recuperación de contraseña — Validación del código OTP,4,Alto,P2,Expiración del código OTP es de 15 minutos pero el requisito (US-08) especifica 5 minutos,"PasswordResetService.java define EXPIRY_MINUTES = 15 (línea 29) y persiste el token con expiresAt = now + 15min. La US-08 establece explícitamente: 'El sistema debe avanzar al Paso 3 si el código es correcto y fue ingresado dentro de los 5 minutos' y 'El sistema debe mostrar un contador regresivo de 5 minutos'. Triple inconsistencia: (a) el backend permite usar el código mucho más tiempo del esperado, (b) ampliar la ventana incrementa la superficie de ataque por fuerza bruta sobre 6 dígitos, (c) si el frontend mostrara el contador de 5min se engañaría al usuario sobre el tiempo real disponible.","1. Inspeccionar Examia-Backend/src/main/java/com/examia/service/PasswordResetService.java
2. Ver constante 'private static final int EXPIRY_MINUTES = 15;' en línea 29.
3. Confrontar con criterio de aceptación de US-08 (5 minutos).",Funcional,N/A — test ejecutado vía curl + análisis estático de código,evidencia_v3/BUG-028.txt (pendiente de captura),Nuevo,2026-06-07,,v1.5,
BUG-028,QA-2,BUG-019,US-08: Recuperación de contraseña — Validación del código OTP,4,Alto,P1,ForgotPasswordForm carece del contador regresivo del OTP (US-08 lo exige explícitamente),"El componente ForgotPasswordForm.jsx en el Paso 2 (verificación del código) no implementa ningún contador regresivo visible. La US-08 requiere: 'El sistema debe mostrar un contador regresivo de 5 minutos', 'El sistema debe deshabilitar los inputs cuando el tiempo expire' y 'El sistema debe mostrar el botón Reenviar código al finalizar el tiempo'. Actualmente el usuario no tiene ninguna indicación visual del tiempo restante; el botón 'Reenviar código' aparece de entrada (línea 275-295) sin esperar al timeout.","1. Abrir Examia-Frontend/src/presentation/components/ForgotPasswordForm.jsx
2. Buscar usos de useEffect/setInterval/setTimeout — no existen.
3. En el JSX del step===1, no se renderiza ningún componente Timer/Countdown.",Funcional,N/A — análisis estático del código fuente (frontend),evidencia_v3/BUG-029.txt (pendiente de captura),Nuevo,2026-06-07,,v1.5,
BUG-029,QA-2,BUG-020,US-08: Recuperación de contraseña — Validación del código OTP,4,Medio,P2,ForgotPasswordForm usa 1 input único para el OTP en vez de 6 inputs individuales,"La US-08 especifica: 'El sistema debe permitir ingresar el código OTP en 6 inputs individuales'. En ForgotPasswordForm.jsx (líneas 251-259) el código se ingresa en un único CustomTextField con maxLength=6, sin separación visual entre dígitos ni autofoco al siguiente campo. Esto afecta la usabilidad (no permite autocompletar OTP del SMS/email en iOS/Android) y rompe el contrato de aceptación de la US.","1. Abrir Examia-Frontend/src/presentation/components/ForgotPasswordForm.jsx
2. Ver render del Paso 2 (step===1): un solo <CustomTextField name=""code"" maxLength=6 />.
3. Confrontar con US-08 que pide 6 inputs individuales.",UI/UX,N/A — análisis estático del código fuente (frontend),evidencia_v3/BUG-030.txt (pendiente de captura),Nuevo,2026-06-07,,v1.5,
BUG-030,QA-2,BUG-021,US-08: Recuperación de contraseña — Validación del código OTP,4,Medio,P2,Botón 'Reenviar código' no vuelve al Paso 1 como exige US-08,La US-08 establece: 'El sistema debe volver al Paso 1 al presionar Reenviar código'. En ForgotPasswordForm.jsx (líneas 276-294) el handler del botón solo invoca AuthService.forgotPassword(email) y se queda en el mismo step (step=1). El usuario no recibe feedback de re-envío correcto y no puede cambiar de email si lo escribió mal.,"1. Loguearse en /login y presionar 'Olvidé mi contraseña'.
2. Ingresar email y solicitar código → ir al Paso 2.
3. Click en 'Reenviar' → la app permanece en Paso 2 (esperado: volver a Paso 1).",Funcional,N/A — análisis estático del código fuente (frontend),evidencia_v3/BUG-031.txt (pendiente de captura),Nuevo,2026-06-07,,v1.5,
BUG-031,QA-2,BUG-022,US-09: Recuperación de contraseña — Establecer nueva contraseña,4,Alto,P1,ForgotPasswordForm Paso 3 sin indicador de fortaleza ni feedback de requisitos,"La US-09 detalla múltiples criterios sobre el indicador de fortaleza de contraseña: 'El sistema debe mostrar un indicador de fortaleza de contraseña', '...en verde cuando la contraseña sea válida', 'niveles de fortaleza: débil en rojo, media en naranja'. El ForgotPasswordForm.jsx Paso 3 (líneas 297-350) tiene únicamente dos campos de contraseña y el botón submit. No hay barra de progreso, indicador de color, ni checklist de los requisitos (8+ chars, mayúscula, número). El usuario solo recibe error al enviar.","1. Completar Paso 1 y Paso 2 del flow de recuperación.
2. En Paso 3 escribir cualquier contraseña.
3. Verificar ausencia total de indicador de fortaleza, checks visuales o color de feedback.",UI/UX,N/A — análisis estático del código fuente (frontend),evidencia_v3/BUG-032.txt (pendiente de captura),Nuevo,2026-06-07,,v1.5,
BUG-032,QA-2,BUG-023,US-09: Recuperación de contraseña — Establecer nueva contraseña,4,Alto,P1,Botón 'Restablecer contraseña' se habilita sin validar requisitos de la nueva contraseña,"La US-09 establece: 'El sistema debe habilitar el botón Guardar contraseña SOLO si ambas contraseñas coinciden Y cumplen los requisitos' y 'El sistema debe deshabilitar el botón si la contraseña no cumple los requisitos'. En ForgotPasswordForm.jsx línea 345 la condición es `disabled={loading || !password || !confirmPassword}` — únicamente chequea que los campos no estén vacíos. Permite enviar contraseñas débiles ('a' y 'a') que serán rechazadas por el backend, generando friction en lugar de prevenir el error en cliente.","1. Llegar al Paso 3 del flow de recuperación.
2. Ingresar 'a' en nueva contraseña y 'a' en confirmación.
3. Observar que el botón 'Restablecer contraseña' está habilitado.",Funcional,N/A — análisis estático del código fuente (frontend),evidencia_v3/BUG-033.txt (pendiente de captura),Nuevo,2026-06-07,,v1.5,
BUG-033,QA-2,BUG-024,US-09: Recuperación de contraseña — Establecer nueva contraseña,4,Bajo,P3,ForgotPasswordForm Paso 3 sin validación inline de coincidencia mientras tipea,"La US-09 establece: 'El sistema debe mostrar un error inline si las contraseñas no coinciden'. En ForgotPasswordForm.jsx (línea 137-139) la comparación se ejecuta únicamente dentro del handler de submit (handleResetPassword), por lo que el usuario solo descubre el error tras hacer click en el botón. Falta el onChange/onBlur que muestre el helperText de error apenas los valores difieren.","1. En el Paso 3 ingresar 'PassW0rd!' en el primer campo.
2. Ingresar 'OtraPass1!' en el segundo (sin presionar submit).
3. Observar ausencia de indicador visual de no-coincidencia.",UI/UX,N/A — análisis estático del código fuente (frontend),evidencia_v3/BUG-034.txt (pendiente de captura),Nuevo,2026-06-07,,v1.5,
BUG-034,QA-2,BUG-025,US-15: Configuración inicial del examen — Paso 1,4,Alto,P2,POST /api/exams acepta subjectId arbitrario sin validar contra catálogo de materias,"El endpoint POST /api/exams admite cualquier string como subjectId (ej: 'x', 'pepe', 'foo-bar') y crea el examen con HTTP 201. La US-15 establece que el docente debe completar 'nombre del examen, curso, turno y período' — el campo curso/subjectId debería ser una referencia válida al catálogo. Consecuencia: en el dashboard el subjectName aparece vacío/null y al filtrar por curso el examen no se asocia correctamente.","1. Loguearse como docente.
2. POST /api/exams con body que incluya ""subjectId"":""x"" (string inexistente).
3. Observar HTTP 201 con examen creado y subjectId='x' persistido.",Datos,N/A — test ejecutado vía curl + análisis estático de código,evidencia_v3/BUG-035.txt (pendiente de captura),Nuevo,2026-06-07,,v1.5,
BUG-035,QA-2,BUG-027,US-12: Visualización del Dashboard de Mis Cursos,4,Alto,P2,RecentExams (dashboard docente) muestra datos hardcodeados en vez de exámenes reales del backend,"El componente RecentExams.jsx (líneas 14-46) define un array `recentExams` con datos estáticos hardcodeados: títulos 'Parcial 1 - Algoritmos II', 'Final - Programación', etc. y estados 'Publicado'/'Borrador'/'Activo' fijos. La US-12 establece: 'El sistema debe mostrar la tabla de exámenes recientes con nombre del examen, curso asociado, estado y cantidad de correcciones pendientes' — implicando datos reales del backend. El componente no realiza ninguna llamada API a /api/exams/my-exams. Resultado: el dashboard del docente es un mockup visual, no refleja el estado real de sus exámenes.","1. Abrir Examia-Frontend/src/presentation/pages/dashboard/docente/components/RecentExams.jsx
2. Ver array hardcoded de exámenes (línea 14-46).
3. Verificar ausencia de import de useEffect, ExamAPI o servicio similar.",Datos,N/A — análisis estático del código fuente (frontend),evidencia_v3/BUG-037.txt (pendiente de captura),Nuevo,2026-06-07,,v1.5,
BUG-036,QA-2,BUG-028,Autorización por roles en endpoints protegidos,4,Medio,P2,POST /api/exams con body inválido como ALUMNO devuelve 400 (esperado 403): orden de validación expone schema,"Cuando un ALUMNO autenticado realiza POST /api/exams con un body que falla validación (p. ej., questions vacío), el sistema responde HTTP 400 con detalle de los errores de schema: {""errors"":{""questions"":""El examen debe tener al menos una pregunta""}}. El comportamiento correcto es responder 403 Forbidden ANTES de evaluar el cuerpo: un usuario sin rol DOCENTE no debe poder inferir el contrato de la API. Spring Boot aplica @Valid antes que @PreAuthorize por defecto. Con body válido sí devuelve 403 correcto.","1. Loguearse como ALUMNO y obtener token.
2. POST /api/exams con body inválido: {""title"":""X"",""subjectId"":""x"",""questions"":[]}
3. Observar HTTP 400 con errores de validación detallados, en lugar de 403.",Seguridad,N/A — test ejecutado vía curl + análisis estático de código,evidencia_v3/BUG-038.txt (pendiente de captura),Nuevo,2026-06-07,,v1.5,
BUG-037,QA-2,BUG-029,US-01: Login del Docente con credenciales propias,4,Bajo,P3,GET /api/auth/login devuelve HTTP 500 en vez de 405 Method Not Allowed,"El endpoint /api/auth/login está definido solo para POST (AuthController.java línea 45). Acceder con GET (caso típico al pegar URL en la barra del navegador) devuelve HTTP 500 con 'Internal Server Error', sugiriendo que la excepción no está siendo manejada en el GlobalExceptionHandler. Lo esperado por estándar HTTP es 405 Method Not Allowed con header Allow: POST. Aunque no es crítico, contribuye a information disclosure y dificulta debugging.","1. Ejecutar: curl -sI https://examia-backend-1zwg.onrender.com/api/auth/login
2. Observar status 'HTTP/2 500'.",Funcional,N/A — test ejecutado vía curl + análisis estático de código,evidencia_v3/BUG-039.txt (pendiente de captura),Nuevo,2026-06-07,,v1.5,
BUG-038,QA-2,BUG-030,US-09: Recuperación de contraseña — Establecer nueva contraseña,4,Bajo,P3,Backend exige requisitos de contraseña más estrictos que los definidos en US-09,"La US-09 define los requisitos mínimos como: 'mínimo 8 caracteres, al menos una mayúscula, al menos un número'. El backend (regex en RegisterRequest.java según mensaje observado) y el frontend (AuthService.js línea 38) exigen adicionalmente: minúscula y carácter especial. Mensaje devuelto: 'La contraseña debe tener al menos 8 caracteres, una mayúscula, una minúscula, un número y un carácter especial'. Si bien es buena práctica de seguridad, constituye una divergencia con el requisito documentado y puede generar discusiones de scope. Decidir entre ajustar la US o documentar el incremento de seguridad.","1. POST /api/auth/register con password='PassWord1' (cumple US-09 pero falla regla actual).
2. Observar HTTP 400 con mensaje exigiendo carácter especial.",Improvement,N/A — test ejecutado vía curl + análisis estático de código,evidencia_v3/BUG-040.txt (pendiente de captura),Nuevo,2026-06-07,,v1.5,
BUG-039,QA-2,BUG-031,US-07: Recuperación de contraseña — Envío del código,4,Bajo,P3,Generador OTP no admite primer dígito 0 (reducción de entropía ~10%),"PasswordResetService.java línea 97-100: `RANDOM.nextInt(900000) + 100000`. Esto genera valores en el rango [100000, 999999], excluyendo deliberadamente los que comenzarían con 0 (p. ej. 042817). Aunque seis dígitos visuales se mantienen, la entropía efectiva pasa de 10^6 = 1.000.000 a 9·10^5 = 900.000 combinaciones, una reducción del 10% que facilita marginalmente ataques de fuerza bruta. Solución sugerida: usar `String.format(""%06d"", RANDOM.nextInt(1_000_000))` para mantener el rango completo.","1. Inspeccionar PasswordResetService.java líneas 97-100.
2. Confirmar que generateCode() jamás devuelve un código que comience con '0'.",Improvement,N/A — test ejecutado vía curl + análisis estático de código,evidencia_v3/BUG-041.txt (pendiente de captura),Nuevo,2026-06-07,,v1.5,
BUG-040,QA-2,BUG-032,Logout de Usuario,4,Bajo,P3,Token revocado tras logout responde 403 en vez de 401 Unauthorized,"El fix de BUG-003 introdujo TokenBlacklistService que efectivamente invalida el JWT al hacer logout. Sin embargo, al reusar el token revocado el backend responde HTTP 403 Forbidden en vez de 401 Unauthorized. Semánticamente HTTP 401 es el código adecuado cuando el token es inválido/revocado/expirado (autenticación fallida); 403 indica que el usuario está autenticado pero carece de permisos. El cliente puede confundir la causa: el frontend usaría 401 como trigger para limpiar el localStorage y redirigir a /login, pero al recibir 403 puede interpretarlo como 'el usuario no tiene rol para este recurso' y dejar al usuario con sesión rota sin redirect automático.","1. POST /api/auth/login-uade con credenciales válidas → obtener token.
2. POST /api/auth/logout con Authorization: Bearer <token> → 204.
3. GET /api/exams/my-exams con el mismo token → observar HTTP 403 (esperado 401).",Funcional,N/A — test ejecutado vía curl + análisis estático de código,evidencia_v3/BUG-042.txt (pendiente de captura),Nuevo,2026-06-07,,v1.5,
BUG-041,QA-2,BUG-033,US-01: Login del Docente con credenciales propias,4,Bajo,P3,"AuthService.isAuthenticated() solo verifica presencia del token, no validez ni expiración","El método isAuthenticated() en AuthService.js (líneas 101-103) implementa `return !!localStorage.getItem('authToken')`. No verifica integridad de la firma JWT, no comprueba el claim `exp`, y no llama al backend. Resultado: un usuario con token vencido o manipulado pasa el guard del router, navega al dashboard y solo descubre la sesión rota al hacer la primera request real (que responde 401). Esto puede causar pantallas con loaders infinitos y mala UX. Solución: decodificar el JWT con la utilidad decodeJwt ya importada y validar `exp > Date.now()/1000`.","1. Loguearse y copiar el authToken de localStorage.
2. Esperar 24h+ (o setear `exp` a un timestamp pasado modificando manualmente).
3. Recargar /docente/dashboard → la app no redirige a login y muestra spinner.",Funcional,N/A — análisis estático del código fuente (frontend),evidencia_v3/BUG-043.txt (pendiente de captura),Nuevo,2026-06-07,,v1.5,
BUG-042,QA-2,BUG-034,US-12: Visualización del Dashboard de Mis Cursos,4,Medio,P2,AuthService.getCurrentUser cae al rol del localStorage si el claim del JWT es inválido (escalada parcial residual),"El fix de BUG-020 hizo que getCurrentUser derive el rol del JWT decodificado en lugar del localStorage (AuthService.js línea 96-98). Sin embargo, el código incluye un fallback: `isValidRole(jwtRole) ? jwtRole : user.role`. Si un atacante manipula el JWT para que el claim `role` sea inválido (p. ej., 'ROLE_X' o nulo) Y simultáneamente cambia el rol del localStorage a 'DOCENTE', el frontend devuelve 'DOCENTE' aunque el JWT fue rechazado por el backend en cualquier endpoint protegido. El UI puede mostrar pantallas privilegiadas (no hay fuga de datos del backend, pero sí confusión visual). Recomendación: si jwtRole es inválido, tratarlo como sesión rota y forzar logout.","1. Loguearse como alumno.
2. En DevTools, editar localStorage.user → cambiar role a 'DOCENTE'.
3. Editar el authToken para que su claim role sea nulo o inválido.
4. Recargar → la UI de docente se renderiza brevemente antes de fallar.",Seguridad,N/A — análisis estático del código fuente (frontend),evidencia_v3/BUG-044.txt (pendiente de captura),Nuevo,2026-06-07,,v1.5,
BUG-043,QA-3,BUG-006,US-25: Visualización del Contador Regresivo y Guardado Automático (Entregas Parciales),4,Crítico,P1,El sistema no muestra el tiempo restante durante la realización del examen,"Durante la ejecución de un examen, el sistema no visualiza en pantalla el contador o tiempo restante disponible para completar la evaluación. Según los criterios de aceptación, el alumno debe poder visualizar en todo momento el tiempo restante del examen.","1. Iniciar sesión como alumno.
2. Acceder a un examen activo.
3. Comenzar a resolver el examen.
4. Observar la interfaz durante la realización.",funcional,Chrome,,Nuevo,2026-06-01,,Pendiente,V 1.4
BUG-044,QA-3,BUG-007,US-26: Sistema de Alertas por Vencimiento de Tiempo (Regla de Fronteras),4,Alto,P2,El sistema no muestra aviso al alcanzar los 30 minutos restantes del examen,"Durante la realización del examen, al llegar exactamente a los 30 minutos restantes, el sistema no muestra ninguna notificación o alerta al alumno. Según los criterios de aceptación, debe visualizarse un aviso informando que quedan 30 minutos para finalizar el examen.","1. Iniciar sesión como alumno.
2. Acceder a un examen con tiempo limitado.
3. Esperar hasta que resten exactamente 30 minutos.
4. Observar la pantalla del examen.",funcional,Chrome,,Nuevo,2026-06-01,,Pendiente,
BUG-045,QA-3,BUG-008,"US-27: Finalización y Envío del Examen (Manual vs. Automático)
",4,Crítico,P1,El sistema no bloquea la edición de respuestas al finalizar el tiempo del examen,No hay tiempo del examen,"1. Iniciar sesión como alumno.
2. Acceder a un examen con tiempo limitado.
3. Esperar hasta la finalización del tiempo asignado.
4. Intentar modificar una respuesta.",funcional,Chrome,,Nuevo,2026-06-01,,Pendiente,
BUG-046,QA-6,BUG-008,US-24 — Generacion de acceso por Tema,1,Crítico,P1,Generación de acceso por tema — Paso 3,"Al guardar los examentes con un solo tema o mas de uno, el sistema finaliza el alta, con posibilidad de publicar, pero NO se visualiza el link a copiar o qr ","
1. Loguarse como docente
2. Card ""Crear examen""""
3. Paso 1: Dar de alta preguntas y asignar el puntaje""
4.Continuar a Paso 2: asignacion de respuesta correcta para todas las preguntas dadas de alta.
5.Paso3: finalizar
",Funcional,Google Chrome 147.0.7727.102 ,,Nuevo,02/06/2026,,Version 1.4.0,
BUG-047,QA-6,BUG-009,US-24 - Generación de acceso por tema - Paso 3,1,Alto,P2,Wizard Paso 3 no permite configurar fecha y horarios del turno,"Al acceder al Paso 3 del wizard de creación de examen, el sistema no muestra campos para configurar fecha, horario de inicio y horario de cierre. Esto impide validar la duración máxima de 4 horas definida en la historia de usuario US-24.","1. Iniciar sesión como docente
2. Crear examen
3. Completar paso 1 y paso 2
4. Acceder al paso 3
5. Verificar que no existen campos para fecha, horario de inicio y horario de cierre.",Funcional,Safari 26.4 (21624.1.16.11.4),https://drive.google.com/file/d/1SGY1e4eEqvlBoihj-1hF0EVTPcKdkYDv/view?usp=sharing,Nuevo,02/06/2026,,Version 1.4.0,
BUG-048,QA-6,BUG-010,US-22 - Guardar examen como borrador,1,Medio,P2,"Botón ""Guardar borrador"" permite múltiples clics durante el guardado
","Al presionar ""Guardar borrador"", el sistema muestra la notificación de éxito pero no deshabilita temporalmente el botón durante el proceso de guardado. El usuario puede realizar múltiples clics consecutivos, incumpliendo el criterio de prevención de doble envío definido para la experiencia de usuario.","1. Iniciar sesión como docente
2. Crear o editar un examen
3. Presionar ""Guardar borrador"" varias veces consecutivas
4. Observar el comportamiento del botón durante el guardado",Funcional,Safari 26.4 (21624.1.16.11.4),https://drive.google.com/file/d/1J-LJyyzvVlQHRq0Sn-gTpMe979whBOCI/view?usp=sharing,Nuevo,02/06/2026,,Version 1.4.0,